customer,name,last_name,email,gender,age
1,Graham,Howles,ghowles0@epa.gov,Male,51
2,Ward,Keaveney,wkeaveney1@google.ru,Male,52
3,Dimitry,Laverock,dlaverock2@cdc.gov,Male,65
4,Amii,Blackaller,ablackaller3@sciencedaily.com,Female,58
5,Nate,Cruikshank,ncruikshank4@addtoany.com,Male,30
6,Jervis,Rapson,jrapson5@jigsy.com,Male,36
7,Alyce,Emma,aemma6@clickbank.net,Female,24
8,Daphna,Bulmer,dbulmer7@google.fr,Female,45
9,Therine,Durno,tdurno8@nps.gov,Female,56
10,Jeth,Minguet,jminguet9@gov.uk,Male,18
11,Ernestus,Aronow,earonowa@smugmug.com,Male,26
12,Elita,Franchyonok,efranchyonokb@mediafire.com,Female,63
13,Corby,Harlow,charlowc@liveinternet.ru,Male,41
14,Modestine,Valadez,mvaladezd@a8.net,Female,43
15,Ronica,Knightsbridge,rknightsbridgee@vistaprint.com,Female,45
16,Othilie,Imos,oimosf@cdbaby.com,Female,28
17,Courtenay,Thaxter,cthaxterg@google.cn,Female,40
18,Brigham,Sute,bsuteh@cbsnews.com,Male,31
19,Lesya,Upshall,lupshalli@themeforest.net,Female,40
20,Catie,Petrello,cpetrelloj@ezinearticles.com,Female,42
21,Pedro,Itzkovwitch,pitzkovwitchk@nature.com,Male,37
22,Sydelle,Witchalls,switchallsl@aboutads.info,Female,41
23,Alison,Metzing,ametzingm@va.gov,Female,24
24,Meghan,Tire,mtiren@simplemachines.org,Female,48
25,Zena,O'Caine,zocaineo@naver.com,Female,51
26,Renato,Aucock,raucockp@php.net,Male,50
27,Jo ann,Tollerton,jtollertonq@last.fm,Female,58
28,Brittni,Kermott,bkermottr@mediafire.com,Female,46
29,Cody,Dennant,cdennants@mayoclinic.com,Female,50
30,Joeann,Halshaw,jhalshawt@netlog.com,Female,52
31,Van,Puckrin,vpuckrinu@hugedomains.com,Male,18
32,Graham,Yerrill,gyerrillv@statcounter.com,Male,40
33,Kiah,Janssens,kjanssensw@dmoz.org,Female,37
34,Kessia,Gronowe,kgronowex@godaddy.com,Female,22
35,Reggie,Rudderham,rrudderhamy@exblog.jp,Female,28
36,Fannie,Lush,flushz@tmall.com,Female,62
37,Nelson,Splaven,nsplaven10@tinypic.com,Male,57
38,Klarrisa,Pendry,kpendry11@un.org,Female,55
39,Allys,Gherardesci,agherardesci12@newsvine.com,Female,64
40,Arney,Heining,aheining13@tuttocitta.it,Male,41
41,Alanna,Meltetal,ameltetal14@zdnet.com,Female,30
42,Humbert,Pescod,hpescod15@google.co.uk,Male,56
43,Dona,Weyman,dweyman16@chronoengine.com,Female,19
44,Caril,Hamil,chamil17@scientificamerican.com,Female,37
45,Randy,Katz,rkatz18@usda.gov,Male,21
46,Maxie,Bosson,mbosson19@ibm.com,Male,54
47,Homerus,Bottjer,hbottjer1a@toplist.cz,Male,46
48,Vally,Curado,vcurado1b@ask.com,Female,38
49,Ely,Bernardo,ebernardo1c@goo.ne.jp,Male,30
50,Wilie,Kubecka,wkubecka1d@latimes.com,Female,49
51,Joelle,Loftus,jloftus1e@ameblo.jp,Female,64
52,Lula,Deary,ldeary1f@newsvine.com,Female,60
53,Garey,Threadgill,gthreadgill1g@behance.net,Male,43
54,Kial,Willox,kwillox1h@reference.com,Female,39
55,Twila,Watters,twatters1i@tinyurl.com,Female,58
56,Nil,Jaffra,njaffra1j@t-online.de,Male,34
57,Renata,Pomfret,rpomfret1k@yolasite.com,Female,65
58,Orlando,Wardroper,owardroper1l@com.com,Male,36
59,Patty,Mion,pmion1m@answers.com,Female,28
60,Farand,Squelch,fsquelch1n@indiegogo.com,Female,63
61,Curran,Jorger,cjorger1o@amazon.com,Male,51
62,Phelia,Pettingall,ppettingall1p@disqus.com,Female,30
63,Markos,Chestnutt,mchestnutt1q@seattletimes.com,Male,49
64,Caye,Dohrmann,cdohrmann1r@census.gov,Female,60
65,Abrahan,Onians,aonians1s@abc.net.au,Male,63
66,Reilly,Fieldgate,rfieldgate1t@paypal.com,Male,47
67,Herschel,Simonian,hsimonian1u@wp.com,Male,35
68,Pedro,McCaig,pmccaig1v@timesonline.co.uk,Male,29
69,Willdon,Abrahamson,wabrahamson1w@edublogs.org,Male,56
70,Nanni,Aubery,naubery1x@nba.com,Female,59
71,Elna,Whyard,ewhyard1y@sohu.com,Female,50
72,Johna,Gladbach,jgladbach1z@engadget.com,Female,21
73,Drusie,Checo,dcheco20@who.int,Female,50
74,Crista,Hagard,chagard21@taobao.com,Female,36
75,Nevsa,Brand-Hardy,nbrandhardy22@ycombinator.com,Female,65
76,Analiese,Petruk,apetruk23@java.com,Female,46
77,Andreas,Pollett,apollett24@opera.com,Male,51
78,Fidelity,Lorinez,florinez25@pagesperso-orange.fr,Female,24
79,Beverlee,Clem,bclem26@marketwatch.com,Female,23
80,Jillane,Tompkin,jtompkin27@reuters.com,Female,20
81,Boyce,Edon,bedon28@cocolog-nifty.com,Male,20
82,Sauveur,Bendle,sbendle29@squarespace.com,Male,19
83,Jakie,Pimley,jpimley2a@qq.com,Male,51
84,Isabelle,MacColl,imaccoll2b@drupal.org,Female,62
85,Bartolemo,Marcombe,bmarcombe2c@shutterfly.com,Male,65
86,Auria,Westnage,awestnage2d@imdb.com,Female,45
87,Nichole,Kun,nkun2e@examiner.com,Female,40
88,Den,D'Ambrosi,ddambrosi2f@unesco.org,Male,61
89,Rafaelia,Sprowle,rsprowle2g@ucsd.edu,Female,29
90,Othello,Bushnell,obushnell2h@gov.uk,Male,64
91,Ulric,Gavahan,ugavahan2i@google.ru,Male,56
92,Sandra,Schulkins,sschulkins2j@princeton.edu,Female,44
93,Onida,Sandle,osandle2k@cpanel.net,Female,34
94,Sven,Brawn,sbrawn2l@livejournal.com,Male,22
95,Garrott,Caley,gcaley2m@smh.com.au,Male,24
96,Merissa,Learoyde,mlearoyde2n@washington.edu,Female,64
97,Shirlene,Lamy,slamy2o@dot.gov,Female,24
98,Giles,Ianiello,gianiello2p@berkeley.edu,Male,24
99,Clayborne,Jacson,cjacson2q@google.cn,Male,53
100,Errick,Gascoyne,egascoyne2r@pcworld.com,Male,19
101,Elissa,Edgin,eedgin2s@ox.ac.uk,Female,35
102,Knox,Plane,kplane2t@people.com.cn,Male,60
103,Melisa,Leale,mleale2u@biglobe.ne.jp,Female,32
104,Robbie,Twitchett,rtwitchett2v@about.com,Female,62
105,Bidget,Baillie,bbaillie2w@java.com,Female,59
106,Carley,Parysiak,cparysiak2x@google.co.jp,Female,21
107,Verney,Ellyatt,vellyatt2y@sfgate.com,Male,32
108,Toby,Seaton,tseaton2z@wordpress.org,Male,19
109,Jessika,Cruse,jcruse30@jalbum.net,Female,61
110,Hamilton,Mariet,hmariet31@themeforest.net,Male,59
111,Edwina,Mulligan,emulligan32@123-reg.co.uk,Female,41
112,Joanie,Samwyse,jsamwyse33@merriam-webster.com,Female,59
113,Gunar,Gladden,ggladden34@webnode.com,Male,54
114,Demetris,Earnshaw,dearnshaw35@hubpages.com,Male,60
115,Lucy,Aikin,laikin36@gravatar.com,Female,35
116,Kalil,Heisham,kheisham37@icq.com,Male,56
117,Cele,Ellin,cellin38@fema.gov,Female,22
118,Svend,Oller,soller39@bbb.org,Male,55
119,Beulah,Lamberti,blamberti3a@nydailynews.com,Female,35
120,Noni,Carl,ncarl3b@adobe.com,Female,41
121,Ruby,Goodnow,rgoodnow3c@slate.com,Male,32
122,Charlie,Scholar,cscholar3d@si.edu,Male,47
123,Ruthy,O'Deegan,rodeegan3e@free.fr,Female,26
124,Bar,Seiffert,bseiffert3f@comsenz.com,Male,42
125,Barton,Wendover,bwendover3g@quantcast.com,Male,47
126,Tove,Mougin,tmougin3h@examiner.com,Female,26
127,Anne,Vassbender,avassbender3i@surveymonkey.com,Female,31
128,Rodolph,Skipping,rskipping3j@google.ru,Male,65
129,Angela,Probart,aprobart3k@hao123.com,Female,22
130,Candida,Fitchell,cfitchell3l@pagesperso-orange.fr,Female,32
131,Rolf,Gorke,rgorke3m@themeforest.net,Male,60
132,Mordecai,Galliver,mgalliver3n@gov.uk,Male,55
133,Trevar,Tarzey,ttarzey3o@mashable.com,Male,37
134,Graehme,Robardey,grobardey3p@oracle.com,Male,55
135,Stanton,Dove,sdove3q@java.com,Male,63
136,Charissa,Espinas,cespinas3r@clickbank.net,Female,49
137,Raffarty,Rielly,rrielly3s@scribd.com,Male,20
138,Lara,McGing,lmcging3t@newyorker.com,Female,19
139,Juliet,Blethin,jblethin3u@bbc.co.uk,Female,21
140,Sheelagh,Gladtbach,sgladtbach3v@about.me,Female,32
141,Zena,Dy,zdy3w@naver.com,Female,48
142,Desiri,Mulrooney,dmulrooney3x@sfgate.com,Female,61
143,Clemens,Abbess,cabbess3y@si.edu,Male,53
144,Carmelle,Budgen,cbudgen3z@timesonline.co.uk,Female,50
145,Lyndell,Miles,lmiles40@t.co,Female,42
146,Annemarie,Belford,abelford41@free.fr,Female,47
147,Inglis,Keetch,ikeetch42@newsvine.com,Male,32
148,Lanie,Espinas,lespinas43@friendfeed.com,Male,57
149,Tracie,Schober,tschober44@addtoany.com,Male,23
150,Heywood,Buddleigh,hbuddleigh45@shop-pro.jp,Male,29
151,Lanny,Ruler,lruler46@un.org,Female,25
152,Murvyn,Berndtsson,mberndtsson47@go.com,Male,31
153,Weider,Kemster,wkemster48@msn.com,Male,64
154,Danica,Mathelin,dmathelin49@tmall.com,Female,28
155,Angy,Pierpoint,apierpoint4a@fastcompany.com,Female,46
156,Gui,Fraulo,gfraulo4b@youtu.be,Female,28
157,Kare,Outhwaite,kouthwaite4c@comsenz.com,Female,56
158,Jennine,Standbrooke,jstandbrooke4d@google.com.br,Female,27
159,Drugi,Mashal,dmashal4e@wsj.com,Male,33
160,Sharlene,Pinckney,spinckney4f@tuttocitta.it,Female,52
161,Gibby,Conew,gconew4g@csmonitor.com,Male,60
162,Harlie,Winfindale,hwinfindale4h@mozilla.org,Female,30
163,Elsbeth,Murtell,emurtell4i@marketwatch.com,Female,23
164,Maris,Bauld,mbauld4j@loc.gov,Female,24
165,Cordy,Porker,cporker4k@apple.com,Male,48
166,Gaylor,Barham,gbarham4l@forbes.com,Male,20
167,Candi,Vlahos,cvlahos4m@cbc.ca,Female,37
168,Michele,Sambiedge,msambiedge4n@wikipedia.org,Female,33
169,Toby,Milmoe,tmilmoe4o@naver.com,Female,21
170,Sam,Jarmyn,sjarmyn4p@fotki.com,Male,40
171,Nadean,Scoular,nscoular4q@about.me,Female,28
172,Elladine,Britt,ebritt4r@youtu.be,Female,39
173,Poul,Rogier,progier4s@biglobe.ne.jp,Male,23
174,Shannen,Perkins,sperkins4t@biblegateway.com,Female,40
175,Lotta,Mayne,lmayne4u@ow.ly,Female,36
176,Dulciana,Cinnamond,dcinnamond4v@theguardian.com,Female,50
177,Merline,McCraine,mmccraine4w@symantec.com,Female,63
178,Veronica,Sibbet,vsibbet4x@slashdot.org,Female,60
179,Austen,Oattes,aoattes4y@aol.com,Male,63
180,Inglebert,Strettell,istrettell4z@networkadvertising.org,Male,40
181,Sampson,Kynston,skynston50@themeforest.net,Male,44
182,Julissa,Paliser,jpaliser51@alibaba.com,Female,63
183,Forester,Waldock,fwaldock52@github.com,Male,24
184,Maren,McNern,mmcnern53@wikia.com,Female,34
185,Fields,Jeroch,fjeroch54@i2i.jp,Male,46
186,Mohammed,McGrail,mmcgrail55@prweb.com,Male,55
187,Lurleen,Garrettson,lgarrettson56@wikimedia.org,Female,59
188,Inglebert,Heinicke,iheinicke57@discuz.net,Male,63
189,Merridie,Watmore,mwatmore58@dell.com,Female,48
190,Modesta,Alldritt,malldritt59@patch.com,Female,34
191,Sarajane,Lucchi,slucchi5a@gmpg.org,Female,55
192,Babbie,Huleatt,bhuleatt5b@etsy.com,Female,37
193,Ferrel,McGaugey,fmcgaugey5c@guardian.co.uk,Male,59
194,Gus,Cookley,gcookley5d@psu.edu,Male,25
195,Job,Brownsall,jbrownsall5e@whitehouse.gov,Male,48
196,Devlen,de Marco,ddemarco5f@fema.gov,Male,57
197,Emelina,Dyshart,edyshart5g@msu.edu,Female,39
198,Barbara-anne,Canepe,bcanepe5h@nbcnews.com,Female,65
199,Janeczka,Hindes,jhindes5i@amazon.de,Female,32
200,Cristine,Calverd,ccalverd5j@msu.edu,Female,51
201,Alphonso,Whitmore,awhitmore5k@economist.com,Male,23
202,Pierre,Dominique,pdominique5l@ask.com,Male,38
203,Rachelle,Maylor,rmaylor5m@deviantart.com,Female,34
204,Ula,Jeskins,ujeskins5n@fda.gov,Female,50
205,Giavani,Parbrook,gparbrook5o@list-manage.com,Male,40
206,Mathian,Palek,mpalek5p@ted.com,Male,43
207,Arleen,Stafford,astafford5q@clickbank.net,Female,34
208,Aurelia,Slogrove,aslogrove5r@newsvine.com,Female,45
209,Halli,Olenichev,holenichev5s@weebly.com,Female,55
210,Skipton,Woodley,swoodley5t@blog.com,Male,28
211,Athena,Paulazzi,apaulazzi5u@t.co,Female,30
212,Bernie,Falcus,bfalcus5v@hubpages.com,Male,56
213,Sheilakathryn,Flather,sflather5w@intel.com,Female,22
214,Tannie,Mor,tmor5x@360.cn,Male,26
215,Tim,Melliard,tmelliard5y@so-net.ne.jp,Male,62
216,Jordon,McHale,jmchale5z@mayoclinic.com,Male,55
217,Daffie,Aveyard,daveyard60@mtv.com,Female,42
218,Caitlin,Catanheira,ccatanheira61@networkadvertising.org,Female,22
219,Alane,Ebbett,aebbett62@ihg.com,Female,33
220,Claudie,Whittenbury,cwhittenbury63@nytimes.com,Female,21
221,Josephine,Poff,jpoff64@squarespace.com,Female,52
222,Allie,Profit,aprofit65@imdb.com,Male,57
223,Bride,Ambrodi,bambrodi66@sourceforge.net,Female,25
224,Malva,Mowles,mmowles67@walmart.com,Female,47
225,Ruby,McIlmorow,rmcilmorow68@tumblr.com,Female,21
226,Clive,Lakeman,clakeman69@mapy.cz,Male,26
227,Billie,McVitie,bmcvitie6a@yelp.com,Male,31
228,Anna-maria,Revitt,arevitt6b@reference.com,Female,32
229,Washington,Orleton,worleton6c@webnode.com,Male,53
230,Inge,Izod,iizod6d@paginegialle.it,Female,53
231,Claybourne,Bryers,cbryers6e@1und1.de,Male,30
232,Courtenay,Leppingwell,cleppingwell6f@barnesandnoble.com,Female,51
233,Shelia,Tocqueville,stocqueville6g@yellowbook.com,Female,31
234,Brewster,Duffree,bduffree6h@godaddy.com,Male,40
235,Joelie,Cafe,jcafe6i@php.net,Female,32
236,Philippa,Graeser,pgraeser6j@de.vu,Female,22
237,Eran,Bradane,ebradane6k@yellowbook.com,Female,38
238,Rheta,Sangar,rsangar6l@abc.net.au,Female,26
239,Nappie,Farncomb,nfarncomb6m@nymag.com,Male,27
240,Bengt,Jeffreys,bjeffreys6n@apache.org,Male,27
241,Emalia,Melhuish,emelhuish6o@cmu.edu,Female,20
242,Elyse,Beecraft,ebeecraft6p@mysql.com,Female,57
243,Frederic,Mitie,fmitie6q@altervista.org,Male,41
244,Issy,Tregian,itregian6r@timesonline.co.uk,Female,58
245,Kerrie,Depke,kdepke6s@oaic.gov.au,Female,46
246,Gavin,Shapera,gshapera6t@list-manage.com,Male,43
247,Thelma,Buckberry,tbuckberry6u@jigsy.com,Female,22
248,Patton,Platfoot,pplatfoot6v@mediafire.com,Male,45
249,Emory,Shah,eshah6w@ustream.tv,Male,39
250,Alic,MacVean,amacvean6x@bloglovin.com,Male,31
251,Trent,Fowlestone,tfowlestone6y@toplist.cz,Male,45
252,Marcelline,Izacenko,mizacenko6z@sohu.com,Female,37
253,Mirella,Dunderdale,mdunderdale70@etsy.com,Female,57
254,Lloyd,Blaxlande,lblaxlande71@typepad.com,Male,41
255,Abbe,Johnigan,ajohnigan72@npr.org,Female,63
256,Nealon,Stirland,nstirland73@nps.gov,Male,31
257,Dehlia,Swanwick,dswanwick74@un.org,Female,29
258,Kristofor,Seyers,kseyers75@dot.gov,Male,49
259,Averell,Shayes,ashayes76@howstuffworks.com,Male,43
260,Fanny,Chapple,fchapple77@sbwire.com,Female,60
261,Aridatha,Darlison,adarlison78@latimes.com,Female,48
262,Oswell,Meadmore,omeadmore79@house.gov,Male,47
263,Deanna,Mickleborough,dmickleborough7a@bigcartel.com,Female,55
264,Berenice,Loughead,bloughead7b@msn.com,Female,54
265,Bernice,Erswell,berswell7c@earthlink.net,Female,21
266,Mirelle,Matyasik,mmatyasik7d@ibm.com,Female,23
267,Alister,Wrout,awrout7e@unicef.org,Male,61
268,Gare,Bentham,gbentham7f@noaa.gov,Male,65
269,Sibyl,Cartin,scartin7g@cnbc.com,Male,56
270,Harlen,Stoodale,hstoodale7h@joomla.org,Male,43
271,Brok,Gosnell,bgosnell7i@scientificamerican.com,Male,51
272,Dana,Irdale,dirdale7j@sakura.ne.jp,Female,45
273,Rouvin,Brownjohn,rbrownjohn7k@angelfire.com,Male,20
274,Tamas,Brosius,tbrosius7l@addthis.com,Male,23
275,Milka,Teather,mteather7m@ovh.net,Female,23
276,Rance,Pridgeon,rpridgeon7n@qq.com,Male,62
277,Brandea,Devenny,bdevenny7o@etsy.com,Female,29
278,Niccolo,Petrashov,npetrashov7p@themeforest.net,Male,63
279,Daune,Fergie,dfergie7q@mapquest.com,Female,63
280,Katie,Rydzynski,krydzynski7r@feedburner.com,Female,54
281,Kale,Meddick,kmeddick7s@independent.co.uk,Male,53
282,Fanchon,Leighton,fleighton7t@about.me,Female,56
283,Christi,Gosneye,cgosneye7u@yelp.com,Female,59
284,Hailee,Kinworthy,hkinworthy7v@google.co.jp,Female,37
285,Emilio,Slainey,eslainey7w@cmu.edu,Male,47
286,Yelena,Logue,ylogue7x@list-manage.com,Female,47
287,Bert,Kidstoun,bkidstoun7y@discovery.com,Male,41
288,Celina,Cohane,ccohane7z@artisteer.com,Female,35
289,Jay,Huthart,jhuthart80@elegantthemes.com,Male,48
290,Samantha,Eskrick,seskrick81@washingtonpost.com,Female,61
291,Ophelia,Mongain,omongain82@biblegateway.com,Female,47
292,Laurena,Calven,lcalven83@go.com,Female,38
293,Clemens,Brear,cbrear84@economist.com,Male,40
294,Elisha,Butcher,ebutcher85@clickbank.net,Male,58
295,Jennica,Fallowfield,jfallowfield86@salon.com,Female,28
296,Daren,Dumberell,ddumberell87@github.com,Male,58
297,Constance,Godin,cgodin88@lycos.com,Female,50
298,Fitz,Clemson,fclemson89@mac.com,Male,40
299,Audi,Krabbe,akrabbe8a@google.com.br,Female,62
300,Martguerita,Spinella,mspinella8b@wikimedia.org,Female,59
301,Valma,Walhedd,vwalhedd8c@yandex.ru,Female,51
302,Rodolph,Pellman,rpellman8d@feedburner.com,Male,50
303,Angie,Vitall,avitall8e@google.pl,Male,53
304,Winslow,Pigny,wpigny8f@hibu.com,Male,18
305,Crista,Simonetto,csimonetto8g@hao123.com,Female,36
306,Christoper,Bamford,cbamford8h@jimdo.com,Male,20
307,Greggory,Volante,gvolante8i@uiuc.edu,Male,22
308,Pepillo,Baccas,pbaccas8j@theatlantic.com,Male,26
309,Barry,Godain,bgodain8k@tamu.edu,Female,42
310,Kaycee,Steinson,ksteinson8l@sphinn.com,Female,33
311,Jakie,Mixon,jmixon8m@elpais.com,Male,37
312,Jerrilee,Simkiss,jsimkiss8n@instagram.com,Female,32
313,Leila,Duell,lduell8o@unblog.fr,Female,50
314,Gard,Grgic,ggrgic8p@microsoft.com,Male,37
315,Cathee,Sparkwill,csparkwill8q@rakuten.co.jp,Female,20
316,Addy,Bolsover,abolsover8r@yolasite.com,Male,58
317,Rodrique,Arrighetti,rarrighetti8s@squidoo.com,Male,29
318,Atlante,Slack,aslack8t@tumblr.com,Female,35
319,Alix,De Domenici,adedomenici8u@rediff.com,Female,53
320,Cloe,Heistermann,cheistermann8v@ucsd.edu,Female,23
321,Aurilia,O'Neary,aoneary8w@nba.com,Female,37
322,Annetta,Hugonet,ahugonet8x@npr.org,Female,63
323,Dalis,Kneath,dkneath8y@histats.com,Male,32
324,Jacquenetta,Casone,jcasone8z@microsoft.com,Female,55
325,Waldemar,Habishaw,whabishaw90@shinystat.com,Male,55
326,Jakob,Dougill,jdougill91@bloglovin.com,Male,23
327,Demott,Daysh,ddaysh92@4shared.com,Male,24
328,Dayle,McEneny,dmceneny93@t-online.de,Female,28
329,Bealle,Smalecombe,bsmalecombe94@weather.com,Male,57
330,Nathalia,Towell,ntowell95@tinyurl.com,Female,61
331,Zared,Cumming,zcumming96@harvard.edu,Male,43
332,Kellen,Kerswell,kkerswell97@japanpost.jp,Female,63
333,Griffie,Harroll,gharroll98@ebay.co.uk,Male,36
334,Grayce,Klauber,gklauber99@booking.com,Female,58
335,Godart,Fusco,gfusco9a@scribd.com,Male,26
336,Tann,Olkowicz,tolkowicz9b@mlb.com,Male,30
337,Randie,LAbbet,rlabbet9c@guardian.co.uk,Female,32
338,Georgie,Tarpey,gtarpey9d@usda.gov,Female,53
339,Valeda,Mynett,vmynett9e@gizmodo.com,Female,64
340,Gigi,Batt,gbatt9f@nature.com,Female,19
341,Chariot,Brooks,cbrooks9g@devhub.com,Male,43
342,Elinore,Tearney,etearney9h@ebay.co.uk,Female,36
343,Erena,Redmond,eredmond9i@a8.net,Female,51
344,Drusilla,Jurisic,djurisic9j@wp.com,Female,59
345,Trudy,Blythin,tblythin9k@pcworld.com,Female,32
346,Aldridge,Markel,amarkel9l@nyu.edu,Male,31
347,Dominique,Stirrip,dstirrip9m@dailymail.co.uk,Female,40
348,Nikos,Cluitt,ncluitt9n@shutterfly.com,Male,38
349,Cyndy,Francesconi,cfrancesconi9o@time.com,Female,61
350,Natalie,Beldan,nbeldan9p@google.co.uk,Female,35
351,Phebe,Paireman,ppaireman9q@last.fm,Female,21
352,Mikkel,Silbersak,msilbersak9r@ovh.net,Male,54
353,Madelena,Phillis,mphillis9s@state.tx.us,Female,57
354,Blondell,Poser,bposer9t@amazon.com,Female,23
355,Beulah,Orrett,borrett9u@smh.com.au,Female,60
356,Kriste,Pimer,kpimer9v@joomla.org,Female,53
357,Brandise,Pirolini,bpirolini9w@tripadvisor.com,Female,38
358,Clarice,MacCaffrey,cmaccaffrey9x@archive.org,Female,56
359,Otes,Janjusevic,ojanjusevic9y@example.com,Male,51
360,Arne,Strevens,astrevens9z@bing.com,Male,19
361,Gino,Minucci,gminuccia0@freewebs.com,Male,47
362,Jenine,Burry,jburrya1@last.fm,Female,20
363,Leupold,Gannan,lgannana2@google.pl,Male,53
364,Debi,Clutton,dcluttona3@amazonaws.com,Female,34
365,Toiboid,Persey,tperseya4@myspace.com,Male,19
366,Grady,Trent,gtrenta5@weibo.com,Male,24
367,Percival,Mingaye,pmingayea6@tamu.edu,Male,65
368,Perceval,Comello,pcomelloa7@pbs.org,Male,18
369,Hendrik,Wye,hwyea8@columbia.edu,Male,39
370,Lotti,Gatrell,lgatrella9@artisteer.com,Female,26
371,Agnes,Shallo,ashalloaa@domainmarket.com,Female,50
372,Feodor,Saban,fsabanab@howstuffworks.com,Male,59
373,Allsun,Khoter,akhoterac@theguardian.com,Female,35
374,Aida,Hearson,ahearsonad@google.com.au,Female,18
375,Noland,Knott,nknottae@marriott.com,Male,35
376,Kirsteni,Bernier,kbernieraf@ask.com,Female,35
377,Laureen,Delany,ldelanyag@spiegel.de,Female,23
378,Astrix,Hamblett,ahamblettah@smh.com.au,Female,61
379,Jamison,Scarisbrick,jscarisbrickai@reverbnation.com,Male,22
380,Kassie,Hatton,khattonaj@imgur.com,Female,28
381,Orion,Armall,oarmallak@gov.uk,Male,33
382,Jessey,Local,jlocalal@photobucket.com,Male,61
383,Arri,Shwenn,ashwennam@sitemeter.com,Male,50
384,Aura,Winsor,awinsoran@t-online.de,Female,23
385,Jude,Ledekker,jledekkerao@weebly.com,Male,31
386,Parnell,Oliveira,poliveiraap@virginia.edu,Male,40
387,Janis,Antham,janthamaq@ebay.com,Female,52
388,Angy,McPartling,amcpartlingar@amazon.co.uk,Female,59
389,Dallis,Barrowclough,dbarrowcloughas@sbwire.com,Male,43
390,Helen,McVie,hmcvieat@comsenz.com,Female,32
391,Dallas,Whilde,dwhildeau@slashdot.org,Female,42
392,Panchito,Brackley,pbrackleyav@flickr.com,Male,36
393,Felic,Peppard,fpeppardaw@intel.com,Male,40
394,Harry,Purchall,hpurchallax@amazon.co.uk,Male,19
395,Editha,Manolov,emanolovay@va.gov,Female,53
396,Row,Hoodlass,rhoodlassaz@fotki.com,Female,48
397,Malvin,O'Cahsedy,mocahsedyb0@google.ru,Male,47
398,Brew,De Angelo,bdeangelob1@acquirethisname.com,Male,47
399,Amble,Eyes,aeyesb2@dailymail.co.uk,Male,37
400,Nady,Atger,natgerb3@buzzfeed.com,Female,64
401,Sibbie,Thackwray,sthackwrayb4@unc.edu,Female,33
402,Art,Pedroni,apedronib5@walmart.com,Male,44
403,Zebadiah,Howgate,zhowgateb6@fotki.com,Male,32
404,Gerty,Pyrke,gpyrkeb7@washington.edu,Female,53
405,Glenden,How,ghowb8@icio.us,Male,52
406,Mia,Kroch,mkrochb9@mtv.com,Female,34
407,Angie,Keaysell,akeaysellba@toplist.cz,Female,62
408,Artie,Loveguard,aloveguardbb@discovery.com,Male,61
409,Land,Jeannin,ljeanninbc@auda.org.au,Male,41
410,Nels,Jerger,njergerbd@ifeng.com,Male,38
411,Karen,Joret,kjoretbe@example.com,Female,26
412,Igor,Yitshak,iyitshakbf@census.gov,Male,60
413,Mariele,Ivashev,mivashevbg@nps.gov,Female,43
414,Ranice,Kull,rkullbh@webeden.co.uk,Female,61
415,Thorny,Murrells,tmurrellsbi@a8.net,Male,25
416,Tate,Elijahu,telijahubj@jiathis.com,Male,49
417,Base,Sill,bsillbk@ebay.co.uk,Male,29
418,Falkner,Allcock,fallcockbl@tuttocitta.it,Male,61
419,Marni,Polsin,mpolsinbm@phpbb.com,Female,41
420,Dimitri,Spohrmann,dspohrmannbn@china.com.cn,Male,20
421,Talya,Imlach,timlachbo@livejournal.com,Female,52
422,Basia,Muffitt,bmuffittbp@pinterest.com,Female,52
423,Jeth,Meaney,jmeaneybq@bloglines.com,Male,23
424,Jone,Zamboniari,jzamboniaribr@bloglines.com,Male,37
425,Corissa,Bortoloni,cbortolonibs@ft.com,Female,43
426,Martynne,Kislingbury,mkislingburybt@squarespace.com,Female,26
427,Rici,Lefley,rlefleybu@kickstarter.com,Female,44
428,Roz,Bradnum,rbradnumbv@sciencedirect.com,Female,37
429,Raye,MacCoughen,rmaccoughenbw@bizjournals.com,Female,55
430,Bond,Velden,bveldenbx@nba.com,Male,61
431,Cleavland,Aggs,caggsby@tripadvisor.com,Male,63
432,Blinny,Mewis,bmewisbz@behance.net,Female,56
433,Casandra,Janak,cjanakc0@youtu.be,Female,35
434,Loralyn,Janowski,ljanowskic1@taobao.com,Female,24
435,Andra,Hampson,ahampsonc2@ebay.co.uk,Female,19
436,Esdras,Beadles,ebeadlesc3@flavors.me,Male,35
437,Amalia,Frankling,afranklingc4@wikimedia.org,Female,19
438,Marina,Gerdes,mgerdesc5@51.la,Female,34
439,Martguerita,Cheer,mcheerc6@kickstarter.com,Female,56
440,Base,Pardey,bpardeyc7@thetimes.co.uk,Male,37
441,Hana,Heisham,hheishamc8@163.com,Female,64
442,Lebbie,Merle,lmerlec9@omniture.com,Female,47
443,Sandor,Tonry,stonryca@google.it,Male,59
444,Cy,McCaighey,cmccaigheycb@rakuten.co.jp,Male,35
445,Hirsch,Chitson,hchitsoncc@cafepress.com,Male,65
446,Gregoor,Crich,gcrichcd@economist.com,Male,48
447,Keslie,Lindback,klindbackce@redcross.org,Female,21
448,Alexis,Standbrook,astandbrookcf@pbs.org,Male,65
449,Edan,Demageard,edemageardcg@yahoo.com,Male,27
450,Pavia,Jeggo,pjeggoch@drupal.org,Female,46
451,Orson,Bridson,obridsonci@usa.gov,Male,18
452,Deeanne,Spikins,dspikinscj@amazonaws.com,Female,28
453,Sydney,Coye,scoyeck@army.mil,Male,34
454,Eda,Pinckard,epinckardcl@psu.edu,Female,32
455,Dore,Richten,drichtencm@go.com,Male,30
456,Maurise,Gehrts,mgehrtscn@indiegogo.com,Male,34
457,Mia,Belsham,mbelshamco@bbc.co.uk,Female,50
458,Camel,Mattingson,cmattingsoncp@privacy.gov.au,Female,33
459,Tobie,Kubiczek,tkubiczekcq@howstuffworks.com,Male,64
460,Geoff,Calken,gcalkencr@histats.com,Male,35
461,Vida,Calam,vcalamcs@cargocollective.com,Female,32
462,Gael,Hardwich,ghardwichct@china.com.cn,Male,19
463,Gweneth,Kelloch,gkellochcu@washingtonpost.com,Female,32
464,Roobbie,Duchasteau,rduchasteaucv@weebly.com,Female,49
465,Rochester,Rikel,rrikelcw@geocities.com,Male,27
466,Andres,Ambrogiotti,aambrogiotticx@baidu.com,Male,21
467,Rorie,Curry,rcurrycy@pcworld.com,Female,63
468,Aldon,Attwoul,aattwoulcz@deviantart.com,Male,18
469,Ely,McGinnis,emcginnisd0@google.com.hk,Male,19
470,Veronike,Bene,vbened1@bloomberg.com,Female,47
471,Phillida,Tidy,ptidyd2@addtoany.com,Female,39
472,Jillane,Girdler,jgirdlerd3@webeden.co.uk,Female,30
473,Nata,Cresswell,ncresswelld4@youtube.com,Female,28
474,Marion,Arrault,marraultd5@booking.com,Female,52
475,Rutger,Stirzaker,rstirzakerd6@bigcartel.com,Male,35
476,Petr,Domek,pdomekd7@discuz.net,Male,49
477,Corissa,Mulderrig,cmulderrigd8@mlb.com,Female,43
478,Reynold,Waldock,rwaldockd9@twitter.com,Male,31
479,Terrance,Caldicot,tcaldicotda@jigsy.com,Male,47
480,Gran,Giorgi,ggiorgidb@imdb.com,Male,52
481,Linn,Malinson,lmalinsondc@pbs.org,Male,40
482,Clarabelle,Thomtson,cthomtsondd@wikipedia.org,Female,35
483,Jeannine,Aliman,jalimande@auda.org.au,Female,46
484,Eda,Kennermann,ekennermanndf@skyrock.com,Female,31
485,Marisa,MacAlees,mmacaleesdg@deviantart.com,Female,20
486,Lucius,Huntington,lhuntingtondh@unc.edu,Male,27
487,Edouard,Guilbert,eguilbertdi@vimeo.com,Male,25
488,Star,Furnival,sfurnivaldj@g.co,Female,44
489,Lionel,Kment,lkmentdk@netscape.com,Male,19
490,Tarrance,Wybrow,twybrowdl@networksolutions.com,Male,50
491,Jodee,Bellwood,jbellwooddm@tumblr.com,Female,23
492,Farly,Facey,ffaceydn@behance.net,Male,63
493,Carce,Giovannacci,cgiovannaccido@friendfeed.com,Male,48
494,Ag,Hollingby,ahollingbydp@state.tx.us,Female,23
495,Tedda,Sambeck,tsambeckdq@bandcamp.com,Female,40
496,Ninon,Briffett,nbriffettdr@netlog.com,Female,50
497,Sascha,Benedettini,sbenedettinids@zdnet.com,Female,61
498,Giuseppe,Cudworth,gcudworthdt@youtu.be,Male,32
499,Lethia,Osgardby,losgardbydu@altervista.org,Female,42
500,Ray,Yarham,ryarhamdv@ebay.com,Female,49
501,Linda,Justice,ljusticedw@reverbnation.com,Female,45
502,Maddy,Cluderay,mcluderaydx@sohu.com,Female,29
503,Sharleen,Kneel,skneeldy@hatena.ne.jp,Female,28
504,Percival,Arnaudot,parnaudotdz@springer.com,Male,36
505,Shaw,Tribe,stribee0@examiner.com,Male,59
506,Dana,Audas,daudase1@microsoft.com,Male,19
507,Nonah,Towndrow,ntowndrowe2@cnbc.com,Female,20
508,Lynnell,Gowen,lgowene3@auda.org.au,Female,33
509,Sayre,Sutherns,ssuthernse4@goo.gl,Female,33
510,Aloin,Bramsen,abramsene5@fastcompany.com,Male,36
511,Neila,Boxen,nboxene6@unicef.org,Female,27
512,Antoni,Jedrasik,ajedrasike7@weather.com,Male,18
513,Casie,Lockyer,clockyere8@house.gov,Female,57
514,Anabal,Chatin,achatine9@vimeo.com,Female,61
515,Meridel,Gritskov,mgritskovea@skype.com,Female,53
516,Tandy,McIlraith,tmcilraitheb@deviantart.com,Female,29
517,Debby,Collibear,dcollibearec@tinypic.com,Female,48
518,Gayleen,Boothebie,gboothebieed@51.la,Female,54
519,Inglis,Cozins,icozinsee@forbes.com,Male,51
520,Marian,MacSorley,mmacsorleyef@hhs.gov,Female,36
521,Hinda,Tennick,htennickeg@si.edu,Female,40
522,Bellanca,Avramchik,bavramchikeh@admin.ch,Female,62
523,Avram,Jarratt,ajarrattei@privacy.gov.au,Male,52
524,Kaitlin,Hassett,khassettej@i2i.jp,Female,33
525,Brig,Swadlin,bswadlinek@liveinternet.ru,Male,63
526,Lorita,Baker,lbakerel@zimbio.com,Female,32
527,Harmonia,Jandak,hjandakem@elegantthemes.com,Female,58
528,Cleve,Reightley,creightleyen@prlog.org,Male,25
529,Dukie,Bleesing,dbleesingeo@issuu.com,Male,65
530,Faye,Elwyn,felwynep@accuweather.com,Female,32
531,Verge,Toth,vtotheq@washingtonpost.com,Male,44
532,Kellie,Stokoe,kstokoeer@shutterfly.com,Female,57
533,Rosa,Cairns,rcairnses@php.net,Female,41
534,Suellen,Potbury,spotburyet@typepad.com,Female,30
535,Lavena,Howland,lhowlandeu@patch.com,Female,34
536,Lyn,Levens,llevensev@topsy.com,Male,58
537,Dewey,Schutt,dschuttew@tripadvisor.com,Male,62
538,Dorotea,Duddle,dduddleex@sciencedaily.com,Female,39
539,Jose,Shellibeer,jshellibeerey@usa.gov,Male,18
540,Vinnie,Ortells,vortellsez@networksolutions.com,Male,23
541,Doreen,Menelaws,dmenelawsf0@google.ca,Female,43
542,Bat,Turn,bturnf1@adobe.com,Male,21
543,Giselle,Samter,gsamterf2@hhs.gov,Female,28
544,Cecilio,Southcombe,csouthcombef3@upenn.edu,Male,35
545,Carrie,Strickler,cstricklerf4@nifty.com,Female,46
546,Cari,Stogill,cstogillf5@list-manage.com,Female,40
547,Penelopa,Portail,pportailf6@tamu.edu,Female,58
548,Gunar,Ledner,glednerf7@privacy.gov.au,Male,36
549,Rriocard,Bohan,rbohanf8@imageshack.us,Male,58
550,Ingelbert,Glencrosche,iglencroschef9@tinyurl.com,Male,36
551,Sibella,Thebes,sthebesfa@csmonitor.com,Female,51
552,Fania,Pallasch,fpallaschfb@chron.com,Female,31
553,Merola,Greaves,mgreavesfc@blog.com,Female,22
554,Merridie,Quemby,mquembyfd@rediff.com,Female,29
555,Myca,Garratty,mgarrattyfe@narod.ru,Male,62
556,Maggee,Capes,mcapesff@flickr.com,Female,41
557,Marline,Souness,msounessfg@wp.com,Female,42
558,Leanor,Carnew,lcarnewfh@topsy.com,Female,49
559,Gusella,Babidge,gbabidgefi@ebay.com,Female,39
560,Claudelle,Caldaro,ccaldarofj@usnews.com,Female,60
561,Esme,Husher,ehusherfk@eventbrite.com,Female,64
562,Fleming,Oxtaby,foxtabyfl@virginia.edu,Male,34
563,Annecorinne,Lober,aloberfm@unblog.fr,Female,51
564,Arabel,Tunnicliffe,atunnicliffefn@addtoany.com,Female,19
565,Darill,Graysmark,dgraysmarkfo@ftc.gov,Male,24
566,Boyce,Forrester,bforresterfp@meetup.com,Male,57
567,Bryon,Cormack,bcormackfq@ehow.com,Male,57
568,Billy,Ambler,bamblerfr@loc.gov,Female,50
569,Renaldo,Brantl,rbrantlfs@vinaora.com,Male,19
570,Constantin,Bollam,cbollamft@myspace.com,Male,62
571,Ardys,Ryam,aryamfu@yandex.ru,Female,47
572,Reinaldos,Dew,rdewfv@opensource.org,Male,20
573,Adah,Lynskey,alynskeyfw@instagram.com,Female,24
574,Amble,Loveman,alovemanfx@t.co,Male,59
575,Ivory,Dakin,idakinfy@privacy.gov.au,Female,31
576,Modestia,Baudino,mbaudinofz@jigsy.com,Female,34
577,Ingelbert,Gerson,igersong0@usatoday.com,Male,21
578,Madelena,Pate,mpateg1@hc360.com,Female,22
579,Aubine,Micah,amicahg2@illinois.edu,Female,55
580,Rebekkah,Portman,rportmang3@cbslocal.com,Female,54
581,Whittaker,Peatman,wpeatmang4@indiatimes.com,Male,48
582,Gualterio,Janoschek,gjanoschekg5@princeton.edu,Male,29
583,Troy,Kearford,tkearfordg6@mediafire.com,Male,25
584,Suzanne,Haithwaite,shaithwaiteg7@amazon.de,Female,57
585,Alonso,Saffell,asaffellg8@posterous.com,Male,41
586,Averil,Twells,atwellsg9@nps.gov,Female,56
587,Aubrie,Swalwel,aswalwelga@mail.ru,Female,57
588,Kayley,Sabatier,ksabatiergb@jimdo.com,Female,23
589,Robby,Koppeck,rkoppeckgc@cargocollective.com,Male,59
590,Towny,Widmoor,twidmoorgd@mac.com,Male,52
591,Mendel,Foston,mfostonge@ovh.net,Male,22
592,Kaleb,Rooke,krookegf@sohu.com,Male,58
593,Kristopher,Romera,kromeragg@about.com,Male,38
594,Helena,Goodboddy,hgoodboddygh@answers.com,Female,46
595,Dominga,Jakubowsky,djakubowskygi@vimeo.com,Female,26
596,Aurilia,Goater,agoatergj@nhs.uk,Female,35
597,Sam,Style,sstylegk@elpais.com,Male,38
598,Hammad,Czaja,hczajagl@facebook.com,Male,64
599,Alix,Skala,askalagm@jigsy.com,Male,23
600,Clarice,Sessuns,csessunsgn@homestead.com,Female,40
601,Pietrek,Littledyke,plittledykego@biblegateway.com,Male,26
602,Gallard,Grishukov,ggrishukovgp@si.edu,Male,19
603,Ernesta,Yukhin,eyukhingq@usa.gov,Female,18
604,Davie,Menichelli,dmenichelligr@wikipedia.org,Male,38
605,Rudolfo,Rodbourne,rrodbournegs@engadget.com,Male,38
606,Wald,Loughren,wloughrengt@un.org,Male,60
607,Maye,Jeaffreson,mjeaffresongu@yellowbook.com,Female,64
608,Evie,Hembery,ehemberygv@hhs.gov,Female,48
609,Matelda,Scranedge,mscranedgegw@studiopress.com,Female,24
610,Burch,Chancellor,bchancellorgx@ucoz.ru,Male,58
611,Nanon,Delgardo,ndelgardogy@indiegogo.com,Female,55
612,Cybil,Gorgler,cgorglergz@wikimedia.org,Female,61
613,Fabien,Siemantel,fsiemantelh0@simplemachines.org,Male,46
614,Alexia,Laugherane,alaugheraneh1@qq.com,Female,39
615,Cad,Bruckstein,cbrucksteinh2@kickstarter.com,Male,50
616,Lemuel,Karran,lkarranh3@arstechnica.com,Male,27
617,Maurie,Balasin,mbalasinh4@who.int,Male,27
618,Bertina,Klehyn,bklehynh5@hugedomains.com,Female,21
619,Garner,Lundberg,glundbergh6@indiatimes.com,Male,53
620,Julienne,Gresswell,jgresswellh7@wix.com,Female,31
621,Paolo,Balmer,pbalmerh8@state.tx.us,Male,57
622,Gwen,Uff,guffh9@barnesandnoble.com,Female,59
623,Virgil,Dougary,vdougaryha@t-online.de,Male,49
624,Bent,Loughney,bloughneyhb@bravesites.com,Male,27
625,Charis,Orfeur,corfeurhc@narod.ru,Female,53
626,Maggy,Kenworthey,mkenwortheyhd@amazon.co.uk,Female,41
627,Bunni,Pinck,bpinckhe@fotki.com,Female,62
628,Nowell,Mallam,nmallamhf@abc.net.au,Male,57
629,Fielding,McGiffin,fmcgiffinhg@cafepress.com,Male,57
630,Gabi,Wynn,gwynnhh@ehow.com,Male,47
631,Dennet,Simanek,dsimanekhi@goo.ne.jp,Male,54
632,Gypsy,Barrington,gbarringtonhj@house.gov,Female,26
633,Kareem,Colleck,kcolleckhk@wired.com,Male,34
634,Oswell,Ringwood,oringwoodhl@ycombinator.com,Male,19
635,Dasha,Sanchez,dsanchezhm@360.cn,Female,26
636,Doria,Dibble,ddibblehn@sfgate.com,Female,26
637,Carmelia,Ellissen,cellissenho@trellian.com,Female,32
638,Tomi,Cossem,tcossemhp@newyorker.com,Female,61
639,Dredi,Vedeneev,dvedeneevhq@last.fm,Female,59
640,Ardelia,Del Checolo,adelchecolohr@ifeng.com,Female,57
641,Christophe,Minnock,cminnockhs@creativecommons.org,Male,32
642,Torrie,Calleja,tcallejaht@pcworld.com,Female,29
643,Manya,Paoli,mpaolihu@geocities.jp,Female,25
644,Patton,Duplan,pduplanhv@ovh.net,Male,26
645,Edythe,McGuffog,emcguffoghw@rediff.com,Female,62
646,Cassius,Wooder,cwooderhx@alexa.com,Male,23
647,Sherie,Spottiswood,sspottiswoodhy@google.ru,Female,56
648,Andra,Rabb,arabbhz@webmd.com,Female,62
649,Alexandro,Rivalant,arivalanti0@phoca.cz,Male,49
650,Sargent,Murphy,smurphyi1@barnesandnoble.com,Male,43
651,Aretha,Ciubutaro,aciubutaroi2@adobe.com,Female,37
652,Arney,Scaife,ascaifei3@mit.edu,Male,32
653,Darnall,Bow,dbowi4@sakura.ne.jp,Male,47
654,Thurston,Daily,tdailyi5@marketwatch.com,Male,44
655,Edithe,Bickers,ebickersi6@ebay.co.uk,Female,24
656,Edd,Rabley,erableyi7@psu.edu,Male,25
657,Estrellita,Oxbrough,eoxbroughi8@google.nl,Female,53
658,Rosaleen,Thews,rthewsi9@virginia.edu,Female,47
659,Tommie,Keirle,tkeirleia@mayoclinic.com,Male,57
660,Linette,Wingar,lwingarib@tamu.edu,Female,42
661,Diana,Pykett,dpykettic@unc.edu,Female,51
662,Marissa,Toop,mtoopid@weather.com,Female,58
663,Colette,Broose,cbrooseie@reddit.com,Female,39
664,Cordie,Cometto,ccomettoif@blogs.com,Male,60
665,Gayelord,Denacamp,gdenacampig@ox.ac.uk,Male,41
666,Victoir,O'Fogarty,vofogartyih@hexun.com,Male,36
667,Marci,Boast,mboastii@seattletimes.com,Female,21
668,Felic,Atcheson,fatchesonij@yolasite.com,Male,57
669,Del,Nowland,dnowlandik@imgur.com,Female,45
670,Dag,Goldbourn,dgoldbournil@cdbaby.com,Male,59
671,Josey,Scathard,jscathardim@netscape.com,Female,59
672,Lorrayne,Chappelow,lchappelowin@msn.com,Female,55
673,Nolan,Henryson,nhenrysonio@bravesites.com,Male,63
674,Darsie,Borborough,dborboroughip@elegantthemes.com,Female,33
675,Cariotta,Sollam,csollamiq@hp.com,Female,46
676,Gustavus,Vant,gvantir@dion.ne.jp,Male,53
677,Koressa,Whittington,kwhittingtonis@ezinearticles.com,Female,38
678,Bruis,Willford,bwillfordit@nsw.gov.au,Male,56
679,Barr,Chaloner,bchaloneriu@msu.edu,Male,60
680,Roberto,Kinnock,rkinnockiv@yahoo.co.jp,Male,47
681,Bentley,McIlory,bmciloryiw@slideshare.net,Male,27
682,Ruttger,Beak,rbeakix@ebay.co.uk,Male,35
683,Agneta,Schimonek,aschimonekiy@amazon.co.jp,Female,34
684,Jerrie,Corp,jcorpiz@paginegialle.it,Female,61
685,Caye,Dregan,cdreganj0@phpbb.com,Female,22
686,Udale,Sleeman,usleemanj1@dmoz.org,Male,60
687,Laurens,Seeks,lseeksj2@devhub.com,Male,39
688,Annice,Shimon,ashimonj3@amazon.co.jp,Female,55
689,Lucas,Collomosse,lcollomossej4@yellowpages.com,Male,27
690,Regine,Remon,rremonj5@liveinternet.ru,Female,39
691,Kingsly,MacColm,kmaccolmj6@slideshare.net,Male,25
692,Chilton,Hastie,chastiej7@google.nl,Male,59
693,Carrie,Demangeon,cdemangeonj8@4shared.com,Female,45
694,Paule,Cremer,pcremerj9@accuweather.com,Female,61
695,Nial,Roz,nrozja@digg.com,Male,45
696,Orland,Whitford,owhitfordjb@slideshare.net,Male,30
697,Erroll,Millins,emillinsjc@patch.com,Male,29
698,Rancell,Doram,rdoramjd@irs.gov,Male,34
699,Corrina,Cundey,ccundeyje@weibo.com,Female,56
700,Barnabe,Medforth,bmedforthjf@istockphoto.com,Male,42
701,Lauri,Pedlingham,lpedlinghamjg@nps.gov,Female,44
702,Misti,Gulston,mgulstonjh@macromedia.com,Female,55
703,Lishe,Fischer,lfischerji@indiegogo.com,Female,29
704,Bren,Extence,bextencejj@wikia.com,Male,62
705,Lanie,Landeaux,llandeauxjk@guardian.co.uk,Male,33
706,Mattie,Guppey,mguppeyjl@t-online.de,Male,42
707,Patrizius,Verriour,pverriourjm@clickbank.net,Male,22
708,Charlena,Vanetti,cvanettijn@cyberchimps.com,Female,27
709,Benedicta,Hukin,bhukinjo@fema.gov,Female,47
710,Colan,Snowling,csnowlingjp@cornell.edu,Male,21
711,Guenevere,Haborn,ghabornjq@tamu.edu,Female,20
712,Hyatt,Ludovico,hludovicojr@sohu.com,Male,35
713,Keeley,Belitz,kbelitzjs@360.cn,Female,53
714,Martelle,Mordecai,mmordecaijt@free.fr,Female,20
715,Latashia,Duncanson,lduncansonju@w3.org,Female,22
716,Camile,Dach,cdachjv@pcworld.com,Female,55
717,Esmaria,Audley,eaudleyjw@phpbb.com,Female,18
718,Loise,Burnsall,lburnsalljx@seesaa.net,Female,49
719,Ike,Riccioppo,iriccioppojy@youtu.be,Male,64
720,Doll,Marcq,dmarcqjz@ftc.gov,Female,52
721,Hendrik,Orts,hortsk0@comcast.net,Male,55
722,Ginnifer,Codeman,gcodemank1@foxnews.com,Female,31
723,Thadeus,Keasy,tkeasyk2@google.com.hk,Male,20
724,Vevay,Torrisi,vtorrisik3@pen.io,Female,36
725,Marmaduke,Stanley,mstanleyk4@histats.com,Male,42
726,Clemmie,Hatliff,chatliffk5@msu.edu,Female,22
727,Thaddus,Haysman,thaysmank6@technorati.com,Male,21
728,Marthe,Goude,mgoudek7@barnesandnoble.com,Female,27
729,Kenn,Waggett,kwaggettk8@answers.com,Male,47
730,Berget,Barwise,bbarwisek9@vimeo.com,Female,54
731,Bertram,Dunstan,bdunstanka@phoca.cz,Male,44
732,Evy,Perschke,eperschkekb@ning.com,Female,49
733,Dayna,Baldack,dbaldackkc@gmpg.org,Female,36
734,Sol,Treece,streecekd@storify.com,Male,41
735,Vera,Dunnet,vdunnetke@g.co,Female,27
736,Maje,Iffland,mifflandkf@gizmodo.com,Male,25
737,Giacobo,Blasdale,gblasdalekg@theguardian.com,Male,52
738,Vladimir,Terlinden,vterlindenkh@constantcontact.com,Male,48
739,Marcos,Hoggetts,mhoggettski@unesco.org,Male,47
740,Andriana,Cinnamond,acinnamondkj@washingtonpost.com,Female,63
741,Nadia,Pheasey,npheaseykk@dell.com,Female,25
742,Amos,Crocetto,acrocettokl@merriam-webster.com,Male,25
743,Arlyn,Nutley,anutleykm@taobao.com,Female,40
744,Ada,Gilffilland,agilffillandkn@cam.ac.uk,Female,27
745,Isador,Teresia,iteresiako@imageshack.us,Male,21
746,Rollie,Jerram,rjerramkp@yolasite.com,Male,40
747,Emmit,Lory,elorykq@admin.ch,Male,28
748,Kinsley,Tomlinson,ktomlinsonkr@i2i.jp,Male,60
749,Eal,Draysay,edraysayks@dropbox.com,Male,64
750,Avie,Durning,adurningkt@newsvine.com,Female,62
751,Kimberly,Farryann,kfarryannku@twitter.com,Female,48
752,Kylie,Watkiss,kwatkisskv@devhub.com,Male,59
753,Jaime,Braybrook,jbraybrookkw@independent.co.uk,Male,49
754,Rianon,Pencost,rpencostkx@umich.edu,Female,27
755,Philbert,Brimblecombe,pbrimblecombeky@oracle.com,Male,59
756,Tonia,Glaves,tglaveskz@chronoengine.com,Female,47
757,Dag,Gaitskell,dgaitskelll0@china.com.cn,Male,30
758,Sayer,Bernhardi,sbernhardil1@hud.gov,Male,36
759,Ansell,Klaessen,aklaessenl2@moonfruit.com,Male,61
760,Dorothy,Hazlewood,dhazlewoodl3@examiner.com,Female,48
761,Aldon,Burborough,aburboroughl4@com.com,Male,50
762,Isaak,Hunton,ihuntonl5@odnoklassniki.ru,Male,44
763,Shaina,Mattaser,smattaserl6@canalblog.com,Female,26
764,Radcliffe,Ortes,rortesl7@accuweather.com,Male,30
765,Louis,Geistbeck,lgeistbeckl8@netlog.com,Male,24
766,Kellina,Scardifeild,kscardifeildl9@technorati.com,Female,41
767,Prudy,Lukas,plukasla@fc2.com,Female,55
768,Sibyl,Yglesias,syglesiaslb@vkontakte.ru,Female,36
769,Devy,Sparshett,dsparshettlc@histats.com,Male,27
770,Kippie,Banks,kbanksld@webeden.co.uk,Male,34
771,Loren,Trimming,ltrimmingle@alibaba.com,Female,61
772,Donny,Cluatt,dcluattlf@elegantthemes.com,Female,55
773,Marcello,Reding,mredinglg@sciencedirect.com,Male,22
774,Miguel,Conahy,mconahylh@reverbnation.com,Male,22
775,Max,Jolly,mjollyli@smh.com.au,Male,21
776,Florina,Schruyers,fschruyerslj@sourceforge.net,Female,42
777,Rosette,Marzelle,rmarzellelk@altervista.org,Female,39
778,Alley,Gidden,agiddenll@acquirethisname.com,Male,29
779,Ilse,Blues,iblueslm@multiply.com,Female,26
780,Morganne,Isabell,misabellln@bbb.org,Female,64
781,Josey,Tweddell,jtweddelllo@spotify.com,Female,26
782,Essa,Hannaby,ehannabylp@samsung.com,Female,37
783,Celka,Abramovic,cabramoviclq@simplemachines.org,Female,37
784,Abner,Frith,afrithlr@tumblr.com,Male,54
785,Gerianna,Grima,ggrimals@networksolutions.com,Female,59
786,Jameson,Fowden,jfowdenlt@auda.org.au,Male,41
787,Sisely,Maddicks,smaddickslu@mail.ru,Female,59
788,Ulric,Virr,uvirrlv@parallels.com,Male,28
789,Rhodia,Wybourne,rwybournelw@gravatar.com,Female,27
790,Muire,Rocco,mroccolx@people.com.cn,Female,52
791,Jenelle,Flode,jflodely@icq.com,Female,58
792,Sonnie,Ledamun,sledamunlz@networksolutions.com,Female,40
793,Skipp,Cubin,scubinm0@slashdot.org,Male,52
794,Kearney,Hames,khamesm1@dot.gov,Male,44
795,Rollo,Bodesson,rbodessonm2@spotify.com,Male,19
796,Felizio,Birrell,fbirrellm3@wikipedia.org,Male,57
797,Stormie,Donisthorpe,sdonisthorpem4@dailymotion.com,Female,37
798,Bryanty,Wield,bwieldm5@bandcamp.com,Male,51
799,Seline,Larmett,slarmettm6@altervista.org,Female,46
800,Xerxes,Gheorghe,xgheorghem7@omniture.com,Male,29
801,Riki,Olivi,rolivim8@goo.gl,Female,36
802,Maximo,Debling,mdeblingm9@marketwatch.com,Male,36
803,Court,Flohard,cflohardma@unesco.org,Male,47
804,Junia,McAne,jmcanemb@ox.ac.uk,Female,29
805,Manya,Acutt,macuttmc@msn.com,Female,52
806,Lelah,Largent,llargentmd@1688.com,Female,52
807,Carlyle,Gowan,cgowanme@theglobeandmail.com,Male,28
808,Cosetta,Thormann,cthormannmf@netvibes.com,Female,26
809,Devland,Padmore,dpadmoremg@sciencedirect.com,Male,48
810,Berk,Duguid,bduguidmh@vistaprint.com,Male,40
811,Jenda,Everett,jeverettmi@omniture.com,Female,49
812,Claiborne,Hartles,chartlesmj@t-online.de,Male,44
813,Fidela,Ferrettini,fferrettinimk@goo.ne.jp,Female,33
814,Hadlee,Duesberry,hduesberryml@symantec.com,Male,18
815,Biddy,Fayter,bfaytermm@amazon.co.jp,Female,38
816,Burk,Raynes,braynesmn@tiny.cc,Male,34
817,Sybilla,Menico,smenicomo@arizona.edu,Female,21
818,Minor,Sorbey,msorbeymp@topsy.com,Male,39
819,Augustus,Cahey,acaheymq@elpais.com,Male,49
820,Chandal,Archbald,carchbaldmr@last.fm,Female,36
821,Candis,Elcy,celcyms@foxnews.com,Female,24
822,Ajay,Loche,alochemt@wiley.com,Female,48
823,Celestyn,O' Bee,cobeemu@harvard.edu,Female,63
824,Gus,Pollie,gpolliemv@biblegateway.com,Male,36
825,Lila,Orwell,lorwellmw@abc.net.au,Female,23
826,La verne,Edden,leddenmx@cam.ac.uk,Female,56
827,Lynea,Cammocke,lcammockemy@ca.gov,Female,33
828,Man,Astle,mastlemz@ft.com,Male,47
829,Gerhard,Cunney,gcunneyn0@exblog.jp,Male,39
830,Livvy,Mowsdill,lmowsdilln1@hubpages.com,Female,43
831,Angeli,Corroyer,acorroyern2@google.com.br,Male,45
832,Addia,Boot,abootn3@vimeo.com,Female,53
833,Hetty,Vearncomb,hvearncombn4@wunderground.com,Female,64
834,Clive,Delany,cdelanyn5@alibaba.com,Male,59
835,Ricky,Bury,rburyn6@weibo.com,Male,23
836,Mella,Smallbone,msmallbonen7@ft.com,Female,25
837,Dore,Ebi,debin8@redcross.org,Male,21
838,Ninetta,Owers,nowersn9@hatena.ne.jp,Female,39
839,Bradney,O'Hollegan,boholleganna@adobe.com,Male,20
840,Rabi,Nasey,rnaseynb@canalblog.com,Male,61
841,Rockey,Tingley,rtingleync@g.co,Male,40
842,Dell,Kelway,dkelwaynd@eepurl.com,Male,34
843,Annemarie,Swainson,aswainsonne@yellowpages.com,Female,31
844,Maxwell,Sorbie,msorbienf@mapquest.com,Male,35
845,Brandais,Hartegan,bharteganng@google.ru,Female,18
846,Dorothy,Benallack,dbenallacknh@naver.com,Female,63
847,Rania,Quennell,rquennellni@businessweek.com,Female,37
848,Estele,Bortoletti,ebortolettinj@hhs.gov,Female,22
849,Corny,Dienes,cdienesnk@shutterfly.com,Male,62
850,Em,Manna,emannanl@wikia.com,Male,26
851,Muhammad,Dafforne,mdaffornenm@ucoz.com,Male,65
852,Burnaby,Pigden,bpigdennn@theatlantic.com,Male,32
853,Atlante,Robic,arobicno@ihg.com,Female,29
854,Rory,Bonefant,rbonefantnp@4shared.com,Female,33
855,Jessy,Osgar,josgarnq@microsoft.com,Female,30
856,Evin,Dericut,edericutnr@timesonline.co.uk,Male,57
857,Annadiane,Cobbing,acobbingns@instagram.com,Female,26
858,Herold,Dedney,hdedneynt@usnews.com,Male,55
859,Jacquette,Vedyaev,jvedyaevnu@flickr.com,Female,20
860,Ozzy,Emmet,oemmetnv@w3.org,Male,44
861,Boonie,Klimushev,bklimushevnw@last.fm,Male,20
862,Brigg,Dodle,bdodlenx@angelfire.com,Male,32
863,Shae,Courtonne,scourtonneny@adobe.com,Male,21
864,Walt,Chalkly,wchalklynz@sciencedaily.com,Male,40
865,Eba,Sisse,esisseo0@statcounter.com,Female,19
866,Kinna,Ayrton,kayrtono1@boston.com,Female,18
867,Maurine,Banford,mbanfordo2@sitemeter.com,Female,53
868,Brier,Beardshaw,bbeardshawo3@alexa.com,Female,42
869,Kendrick,Barnardo,kbarnardoo4@discuz.net,Male,37
870,Percival,Feldbrin,pfeldbrino5@ucoz.ru,Male,44
871,Eugenius,Robardley,erobardleyo6@soup.io,Male,34
872,Judah,Callcott,jcallcotto7@narod.ru,Male,61
873,Beck,Hollyard,bhollyardo8@about.me,Male,29
874,Nilson,Towey,ntoweyo9@miitbeian.gov.cn,Male,19
875,Silvia,Kort,skortoa@free.fr,Female,57
876,Corby,Janoschek,cjanoschekob@infoseek.co.jp,Male,61
877,Sylas,Stockle,sstockleoc@cornell.edu,Male,18
878,Had,Rottery,hrotteryod@godaddy.com,Male,23
879,Cristina,Cleeve,ccleeveoe@feedburner.com,Female,59
880,Cordy,Danhel,cdanhelof@creativecommons.org,Male,27
881,Lou,Middlewick,lmiddlewickog@xing.com,Female,23
882,Dix,Shugg,dshuggoh@symantec.com,Female,51
883,Kassia,Licence,klicenceoi@zimbio.com,Female,49
884,Sher,Dufoure,sdufoureoj@squarespace.com,Female,49
885,Norma,Wycliff,nwycliffok@prweb.com,Female,22
886,Jess,Budleigh,jbudleighol@list-manage.com,Male,38
887,Kippy,Smaleman,ksmalemanom@youtube.com,Female,24
888,Philipa,Millwall,pmillwallon@trellian.com,Female,32
889,Elora,Ferens,eferensoo@about.me,Female,41
890,Kylie,Dashwood,kdashwoodop@quantcast.com,Male,32
891,Jarrod,Rainford,jrainfordoq@ezinearticles.com,Male,55
892,Catlee,Daines,cdainesor@vinaora.com,Female,28
893,Pedro,Sheppard,psheppardos@globo.com,Male,62
894,Giffie,Hiscocks,ghiscocksot@sohu.com,Male,30
895,Maddie,Killingback,mkillingbackou@soup.io,Male,50
896,Nero,Matiebe,nmatiebeov@ed.gov,Male,24
897,Quillan,Merigon,qmerigonow@google.ca,Male,51
898,Coriss,Farn,cfarnox@wired.com,Female,53
899,Carlina,Demanche,cdemancheoy@redcross.org,Female,41
900,Federico,Ferroni,fferronioz@opera.com,Male,60
901,Anallese,Autin,aautinp0@loc.gov,Female,22
902,Kissie,Oldam,koldamp1@uiuc.edu,Female,57
903,Giusto,Magill,gmagillp2@ftc.gov,Male,40
904,Wallas,Abbett,wabbettp3@dell.com,Male,19
905,Dean,Dreini,ddreinip4@quantcast.com,Male,45
906,Khalil,Lynde,klyndep5@state.gov,Male,39
907,Benson,Pigeram,bpigeramp6@comcast.net,Male,35
908,Desiri,Paskell,dpaskellp7@nba.com,Female,26
909,Robb,Dwelley,rdwelleyp8@miibeian.gov.cn,Male,53
910,Cary,Burnie,cburniep9@reddit.com,Male,26
911,Ferd,Cholonin,fcholoninpa@google.co.uk,Male,53
912,Dayna,Lamyman,dlamymanpb@howstuffworks.com,Female,58
913,Judi,Dodshon,jdodshonpc@reddit.com,Female,51
914,Zared,Elphinstone,zelphinstonepd@twitter.com,Male,35
915,Vidovik,Oselton,voseltonpe@goo.gl,Male,18
916,Zenia,Daltrey,zdaltreypf@deliciousdays.com,Female,56
917,Willard,Starbuck,wstarbuckpg@rakuten.co.jp,Male,19
918,Charlot,Quare,cquareph@hc360.com,Female,61
919,Donella,Sweetmore,dsweetmorepi@house.gov,Female,49
920,Feodora,Chesnay,fchesnaypj@amazon.com,Female,55
921,Pierette,Boscott,pboscottpk@spiegel.de,Female,32
922,Mareah,Edensor,medensorpl@cam.ac.uk,Female,23
923,Beatriz,Colafate,bcolafatepm@hugedomains.com,Female,57
924,Jule,Gisburne,jgisburnepn@globo.com,Male,27
925,Jacinthe,Stanex,jstanexpo@wp.com,Female,39
926,Melinda,Pauling,mpaulingpp@jigsy.com,Female,62
927,Boycey,Paintain,bpaintainpq@photobucket.com,Male,24
928,Verene,Maudson,vmaudsonpr@upenn.edu,Female,27
929,Ginevra,Lorie,glorieps@unesco.org,Female,44
930,Colleen,Atwel,catwelpt@free.fr,Female,39
931,Phillida,Cutmore,pcutmorepu@house.gov,Female,23
932,Horton,Byrnes,hbyrnespv@ca.gov,Male,27
933,Aggie,McLaughlan,amclaughlanpw@state.tx.us,Female,47
934,Jo,McGibbon,jmcgibbonpx@geocities.com,Male,63
935,Jammie,Tordoff,jtordoffpy@cyberchimps.com,Female,64
936,Adriana,Kumar,akumarpz@theguardian.com,Female,26
937,Verna,Dawes,vdawesq0@google.ca,Female,23
938,Alvan,Shasnan,ashasnanq1@dell.com,Male,33
939,Wait,Leitche,wleitcheq2@goo.ne.jp,Male,35
940,Jordain,Featherstone,jfeatherstoneq3@marketwatch.com,Female,62
941,Ashien,A'Barrow,aabarrowq4@com.com,Female,58
942,Cathryn,Pandey,cpandeyq5@github.com,Female,20
943,Laney,Halliwell,lhalliwellq6@fda.gov,Female,20
944,Ave,Beggi,abeggiq7@slideshare.net,Male,34
945,Nicoli,Donkersley,ndonkersleyq8@1688.com,Female,49
946,Pablo,Girhard,pgirhardq9@parallels.com,Male,23
947,Aubrey,Lukianovich,alukianovichqa@bbc.co.uk,Female,30
948,Freddi,Thursfield,fthursfieldqb@last.fm,Female,59
949,Jan,Syrad,jsyradqc@thetimes.co.uk,Female,36
950,Heather,Chattey,hchatteyqd@miitbeian.gov.cn,Female,50
951,Gearalt,Housaman,ghousamanqe@kickstarter.com,Male,46
952,Arlene,Grennan,agrennanqf@auda.org.au,Female,36
953,Desdemona,Meeron,dmeeronqg@usatoday.com,Female,32
954,Fanechka,Sancraft,fsancraftqh@cafepress.com,Female,27
955,Vittoria,Stourton,vstourtonqi@1und1.de,Female,65
956,Barby,Twallin,btwallinqj@themeforest.net,Female,61
957,Bartholomeo,Gaize,bgaizeqk@dmoz.org,Male,29
958,Basile,Glide,bglideql@seattletimes.com,Male,65
959,Gene,Joly,gjolyqm@unblog.fr,Male,36
960,Farah,Pedrollo,fpedrolloqn@desdev.cn,Female,65
961,Maureene,Stidworthy,mstidworthyqo@networkadvertising.org,Female,44
962,Gilberta,Vango,gvangoqp@goo.gl,Female,61
963,Lib,Smalecombe,lsmalecombeqq@noaa.gov,Female,56
964,Cordie,Barfield,cbarfieldqr@godaddy.com,Female,48
965,Hedy,Bulgen,hbulgenqs@ucsd.edu,Female,19
966,Marve,Dragon,mdragonqt@blogger.com,Male,43
967,Yuma,Harnwell,yharnwellqu@google.pl,Male,54
968,Ruy,Loines,rloinesqv@furl.net,Male,30
969,Jerrylee,Gunston,jgunstonqw@icio.us,Female,65
970,Heath,Bellenger,hbellengerqx@census.gov,Female,21
971,Baily,Isaksson,bisakssonqy@github.com,Male,65
972,Hulda,Spancock,hspancockqz@skype.com,Female,55
973,Rena,Walmsley,rwalmsleyr0@networkadvertising.org,Female,52
974,Rudiger,Fouracres,rfouracresr1@usatoday.com,Male,18
975,Millie,Galvin,mgalvinr2@imdb.com,Female,43
976,Rosabella,Robyns,rrobynsr3@yahoo.co.jp,Female,22
977,Tabbie,Langstone,tlangstoner4@prnewswire.com,Male,44
978,Yvon,Reburn,yreburnr5@sitemeter.com,Male,36
979,Blisse,Houlahan,bhoulahanr6@tuttocitta.it,Female,21
980,Isaac,Iacovelli,iiacovellir7@ycombinator.com,Male,18
981,Basia,Marquot,bmarquotr8@ucla.edu,Female,61
982,Wallace,Cicchinelli,wcicchinellir9@wikia.com,Male,53
983,Keenan,Gallop,kgallopra@businessinsider.com,Male,42
984,Gareth,Critch,gcritchrb@nydailynews.com,Male,43
985,Maris,Bresland,mbreslandrc@webeden.co.uk,Female,57
986,Bertram,Foxall,bfoxallrd@utexas.edu,Male,50
987,Amelina,Trevaskus,atrevaskusre@cisco.com,Female,22
988,Lance,Libbe,llibberf@facebook.com,Male,21
989,Cherey,Huetson,chuetsonrg@pbs.org,Female,42
990,Whittaker,Marwick,wmarwickrh@google.nl,Male,60
991,Othello,Beades,obeadesri@foxnews.com,Male,24
992,Agata,Kaplan,akaplanrj@amazon.com,Female,63
993,Rozelle,Corbridge,rcorbridgerk@nydailynews.com,Female,25
994,Ellie,Praten,epratenrl@facebook.com,Female,56
995,Eugenia,Paintain,epaintainrm@columbia.edu,Female,26
996,Devland,Asson,dassonrn@columbia.edu,Male,27
997,Starr,Burkert,sburkertro@google.com.br,Female,20
998,Lezley,Cominoli,lcominolirp@forbes.com,Male,60
999,Winnie,Paladino,wpaladinorq@mayoclinic.com,Male,24
1000,Lucia,Bolland,lbollandrr@umn.edu,Female,37
